"","date","dust_avg","fine_avg","dust_grade","fine_grade","IsDustyDay"
"1",20170101,80,58,6,7,1
"2",20170102,111,79.5,7,8,1
"3",20170103,79,52,6,7,1
"4",20170104,57,35,5,5,1
"5",20170105,38,23,3,4,0
"6",20170106,22,13.5,2,2,0
"7",20170107,56,40,5,6,1
"8",20170108,32,22.5,3,4,0
"9",20170109,61,46.5,5,6,1
"10",20170110,32,16,3,3,0
"11",20170111,25,12,2,2,0
"12",20170112,31,17,3,3,0
"13",20170113,31,13,3,2,0
"14",20170114,47,12,4,2,0
"15",20170115,28,14,2,2,0
"16",20170116,48,26,4,5,1
"17",20170117,69,46,5,6,1
"18",20170118,99,75,6,7,1
"19",20170119,105,71,7,7,1
"20",20170120,59,40,5,6,1
"21",20170121,51,36,5,5,1
"22",20170122,76,28,6,5,1
"23",20170123,48.5,37,4,5,1
"24",20170124,41,30,4,5,1
"25",20170125,51,37,5,5,1
"26",20170126,66,49,5,6,1
"27",20170127,111,20,7,3,1
"28",20170128,34,13,3,2,0
"29",20170129,28,17,2,3,0
"30",20170130,50,35,4,5,1
"31",20170131,30,19,2,3,0
"32",20170201,37,21,3,4,0
"33",20170202,34,18,3,3,0
"34",20170203,71,48,5,6,1
"35",20170204,100,74,6,7,1
"36",20170205,72,56,5,7,1
"37",20170206,42,28,4,5,1
"38",20170207,43,25,4,4,0
"39",20170208,56,32,5,5,1
"40",20170209,54,20,5,3,1
"41",20170210,34,18,3,3,0
"42",20170211,30,17,2,3,0
"43",20170212,32,18,3,3,0
"44",20170213,46,29,4,5,1
"45",20170214,54,34,5,5,1
"46",20170215,64,43,5,6,1
"47",20170216,71,49,5,6,1
"48",20170217,47,18,4,3,0
"49",20170218,32,18,3,3,0
"50",20170219,45,27,4,5,1
"51",20170220,46,23,4,4,0
"52",20170221,48,30,4,5,1
"53",20170222,41,30,4,5,1
"54",20170223,36,23,3,4,0
"55",20170224,30,18,2,3,0
"56",20170225,49,32,4,5,1
"57",20170226,49,33,4,5,1
"58",20170227,41,25,4,4,0
"59",20170228,46,28,4,5,1
"60",20170301,58,42,5,6,1
"61",20170302,34,23,3,4,0
"62",20170303,46,24,4,4,0
"63",20170304,55,34,5,5,1
"64",20170305,68,51,5,7,1
"65",20170306,37,26,3,5,1
"66",20170307,35,21,3,4,0
"67",20170308,46,20,4,3,0
"68",20170309,50,22,4,4,0
"69",20170310,48,27,4,5,1
"70",20170311,67,42,5,6,1
"71",20170312,90,66,6,7,1
"72",20170313,64,44,5,6,1
"73",20170314,54,29,5,5,1
"74",20170315,44,25,4,4,0
"75",20170316,67,45,5,6,1
"76",20170317,77,55,6,7,1
"77",20170318,75,52,5,7,1
"78",20170319,79,55,6,7,1
"79",20170320,99,68,6,7,1
"80",20170321,102,67,7,7,1
"81",20170322,53.5,32,5,5,1
"82",20170323,76.5,43,6,6,1
"83",20170324,61,36,5,5,1
"84",20170325,68,44,5,6,1
"85",20170326,63,45,5,6,1
"86",20170327,76,56,6,7,1
"87",20170328,84,61,6,7,1
"88",20170329,58,40,5,6,1
"89",20170330,70,44,5,6,1
"90",20170331,53,34,5,5,1
"91",20170401,25,17,2,3,0
"92",20170402,50,34,4,5,1
"93",20170403,81,53,6,7,1
"94",20170404,77,47,6,6,1
"95",20170405,51,31,5,5,1
"96",20170406,27,18.5,2,3,0
"97",20170407,45,28,4,5,1
"98",20170408,65,43,5,6,1
"99",20170409,42,26,4,5,1
"100",20170410,30,17,2,3,0
"101",20170411,60,24,5,4,1
"102",20170412,70,12,5,2,1
"103",20170413,74,27,5,5,1
"104",20170414,60,22,5,4,1
"105",20170415,72,32,5,5,1
"106",20170416,63,33,5,5,1
"107",20170417,49,26,4,5,1
"108",20170418,43,21,4,4,0
"109",20170419,92,17,6,3,1
"110",20170420,90,23,6,4,1
"111",20170421,73,24,5,4,1
"112",20170422,64,25,5,4,1
"113",20170423,52,24,5,4,1
"114",20170424,46,19,4,3,0
"115",20170425,63,30,5,5,1
"116",20170426,45,17,4,3,0
"117",20170427,47,15,4,2,0
"118",20170428,68,24,5,4,1
"119",20170429,67,28,5,5,1
"120",20170430,96,52,6,7,1
"121",20170501,96,50,6,6,1
"122",20170502,101,49,7,6,1
"123",20170503,74,34,5,5,1
"124",20170504,69,33,5,5,1
"125",20170505,60,25,5,4,1
"126",20170506,208,20,8,3,1
"127",20170507,97,17,6,3,1
"128",20170508,189,37,8,5,1
"129",20170509,130,30,7,5,1
"130",20170510,45,20,4,3,0
"131",20170511,76,33,6,5,1
"132",20170512,77,43,6,6,1
"133",20170513,54,25,5,4,1
"134",20170514,65,14,5,2,1
"135",20170515,48,12,4,2,0
"136",20170516,39,16,3,3,0
"137",20170517,42,19,4,3,0
"138",20170518,52,27,5,5,1
"139",20170519,50,26,4,5,1
"140",20170520,41,21,4,4,0
"141",20170521,33,19,3,3,0
"142",20170522,46,27,4,5,1
"143",20170523,39,22,3,4,0
"144",20170524,29,16,2,3,0
"145",20170525,40,15,3,2,0
"146",20170526,27,9,2,2,0
"147",20170527,37,15,3,2,0
"148",20170528,49,24,4,4,0
"149",20170529,74,38,5,6,1
"150",20170530,53,24,5,4,1
"151",20170531,41,20,4,3,0
"152",20170601,41,19,4,3,0
"153",20170602,31,11,3,2,0
"154",20170603,34,12,3,2,0
"155",20170604,32,11,3,2,0
"156",20170605,29,14,2,2,0
"157",20170606,23,10,2,2,0
"158",20170607,18,10,2,2,0
"159",20170608,46.5,28,4,5,1
"160",20170609,62.5,38,5,6,1
"161",20170610,52.5,23,5,4,1
"162",20170611,31,10.5,3,2,0
"163",20170612,34,13,3,2,0
"164",20170613,40,18,3,3,0
"165",20170614,48,22,4,4,0
"166",20170615,54,25,5,4,1
"167",20170616,72,38,5,6,1
"168",20170617,56,30,5,5,1
"169",20170618,47,26,4,5,1
"170",20170619,57,31,5,5,1
"171",20170620,55,30,5,5,1
"172",20170621,62,34,5,5,1
"173",20170622,42,24,4,4,0
"174",20170623,47,25,4,4,0
"175",20170624,46,23,4,4,0
"176",20170625,38,23,3,4,0
"177",20170626,29,17,2,3,0
"178",20170627,32,19,3,3,0
"179",20170628,51,31,5,5,1
"180",20170629,54,35,5,5,1
"181",20170630,58,37,5,5,1
"182",20170701,47,30,4,5,1
"183",20170702,27,17,2,3,0
"184",20170703,25.5,15,2,2,0
"185",20170704,36.5,23,3,4,0
"186",20170705,43.5,27,4,5,1
"187",20170706,52,35,5,5,1
"188",20170707,24,13,2,2,0
"189",20170708,28,16,2,3,0
"190",20170709,28,18,2,3,0
"191",20170710,16,9,2,2,0
"192",20170711,42,27,4,5,1
"193",20170712,51,32,5,5,1
"194",20170713,53,35,5,5,1
"195",20170714,51,34,5,5,1
"196",20170715,23,14,2,2,0
"197",20170716,20,12,2,2,0
"198",20170717,25,14,2,2,0
"199",20170718,28,17,2,3,0
"200",20170719,41,26,4,5,1
"201",20170720,56,38,5,6,1
"202",20170721,64,45,5,6,1
"203",20170722,60,42,5,6,1
"204",20170723,54,36,5,5,1
"205",20170724,37,22,3,4,0
"206",20170725,29,16,2,3,0
"207",20170726,20,11,2,2,0
"208",20170727,31,18,3,3,0
"209",20170728,33,19,3,3,0
"210",20170729,17,9,2,2,0
"211",20170730,24,15,2,2,0
"212",20170731,23,13,2,2,0
"213",20170801,23,14,2,2,0
"214",20170802,37,25,3,4,0
"215",20170803,26,15,2,2,0
"216",20170804,29,19,2,3,0
"217",20170805,33,22.5,3,4,0
"218",20170806,27,18.5,2,3,0
"219",20170807,35,22,3,4,0
"220",20170808,46,29,4,5,1
"221",20170809,36,24,3,4,0
"222",20170810,9,5,1,1,0
"223",20170811,13,7,1,1,0
"224",20170812,12,7,1,1,0
"225",20170813,12,6,1,1,0
"226",20170814,10,5,1,1,0
"227",20170815,7,4,1,1,0
"228",20170816,9,5,1,1,0
"229",20170817,13,7,1,1,0
"230",20170818,28,18,2,3,0
"231",20170819,28,16,2,3,0
"232",20170820,11,7,1,1,0
"233",20170821,15,9,1,2,0
"234",20170822,18,11,2,2,0
"235",20170823,22,10,2,2,0
"236",20170824,24,9,2,2,0
"237",20170825,29,14,2,2,0
"238",20170826,27,12,2,2,0
"239",20170827,25,13,2,2,0
"240",20170828,31,18,3,3,0
"241",20170829,19,9,2,2,0
"242",20170830,27,11,2,2,0
"243",20170831,37,21,3,4,0
"244",20170901,25,14,2,2,0
"245",20170902,28,16,2,3,0
"246",20170903,34,21,3,4,0
"247",20170904,29,19,2,3,0
"248",20170905,27,14,2,2,0
"249",20170906,30,18,2,3,0
"250",20170907,39,25,3,4,0
"251",20170908,52,33,5,5,1
"252",20170909,63,40,5,6,1
"253",20170910,53,36,5,5,1
"254",20170911,23,16,2,3,0
"255",20170912,28,13,2,2,0
"256",20170913,26,11,2,2,0
"257",20170914,30,13,2,2,0
"258",20170915,18,9,2,2,0
"259",20170916,12,5,1,1,0
"260",20170917,10,5,1,1,0
"261",20170918,22,11,2,2,0
"262",20170919,66,41,5,6,1
"263",20170920,26,10,2,2,0
"264",20170921,31,16,3,3,0
"265",20170922,32,20,3,3,0
"266",20170923,56,25,5,4,1
"267",20170924,64,37,5,5,1
"268",20170925,47,26,4,5,1
"269",20170926,47,27,4,5,1
"270",20170927,42,23,4,4,0
"271",20170928,25,9,2,2,0
"272",20170929,25,9,2,2,0
"273",20170930,38,19,3,3,0
"274",20171001,35,20,3,3,0
"275",20171002,21,11,2,2,0
"276",20171003,38,11,3,2,0
"277",20171004,23,9,2,2,0
"278",20171005,16,8,2,1,0
"279",20171006,13,7,1,1,0
"280",20171007,10,6,1,1,0
"281",20171008,20,13,2,2,0
"282",20171009,26.5,17,2,3,0
"283",20171010,30,18,2,3,0
"284",20171011,13,7,1,1,0
"285",20171012,23,12,2,2,0
"286",20171013,29,15,2,2,0
"287",20171014,25,11,2,2,0
"288",20171015,24,12,2,2,0
"289",20171016,32,16,3,3,0
"290",20171017,40,20,3,3,0
"291",20171018,26,14,2,2,0
"292",20171019,21,11,2,2,0
"293",20171020,34,17,3,3,0
"294",20171021,40,22,3,4,0
"295",20171022,27,13,2,2,0
"296",20171023,27,10,2,2,0
"297",20171024,35,16,3,3,0
"298",20171025,44,22,4,4,0
"299",20171026,52,27,5,5,1
"300",20171027,62,34,5,5,1
"301",20171028,48,26,4,5,1
"302",20171029,68,22,5,4,1
"303",20171030,37,13,3,2,0
"304",20171031,36,14,3,2,0
"305",20171101,41,19,4,3,0
"306",20171102,51,27,5,5,1
"307",20171103,41,26,4,5,1
"308",20171104,54,38,5,6,1
"309",20171105,42,26,4,5,1
"310",20171106,37,20,3,3,0
"311",20171107,45,26,4,5,1
"312",20171108,69,30,5,5,1
"313",20171109,53,24,5,4,1
"314",20171110,46,21,4,4,0
"315",20171111,74,13,5,2,1
"316",20171112,33,18,3,3,0
"317",20171113,44,24,4,4,0
"318",20171114,47,17,4,3,0
"319",20171115,27,11,2,2,0
"320",20171116,28,13,2,2,0
"321",20171117,44,24,4,4,0
"322",20171118,41,21,4,4,0
"323",20171119,26,12,2,2,0
"324",20171120,39,22,3,4,0
"325",20171121,54,31,5,5,1
"326",20171122,67,31,5,5,1
"327",20171123,26,11,2,2,0
"328",20171124,22,12,2,2,0
"329",20171125,27,17,2,3,0
"330",20171126,39,23,3,4,0
"331",20171127,52,29,5,5,1
"332",20171128,76,47,6,6,1
"333",20171129,65,25,5,4,1
"334",20171130,25,8,2,1,0
"335",20171201,26,13,2,2,0
"336",20171202,43,25,4,4,0
"337",20171203,54,36,5,5,1
"338",20171204,46,27,4,5,1
"339",20171205,23,11,2,2,0
"340",20171206,34,22,3,4,0
"341",20171207,47,33,4,5,1
"342",20171208,34,21,3,4,0
"343",20171209,43,25,4,4,0
"344",20171210,41,25,4,4,0
"345",20171211,49,10,4,2,0
"346",20171212,34,17,3,3,0
"347",20171213,39,19,3,3,0
"348",20171214,57,35,5,5,1
"349",20171215,85,55,6,7,1
"350",20171216,61,42,5,6,1
"351",20171217,40.5,13,3,2,0
"352",20171218,57,34.5,5,5,1
"353",20171219,47.5,19,4,3,0
"354",20171220,43,25,4,4,0
"355",20171221,53,39,5,6,1
"356",20171222,60,43,5,6,1
"357",20171223,110.5,78,7,8,1
"358",20171224,79,58,6,7,1
"359",20171225,32,15,3,2,0
"360",20171226,31,14,3,2,0
"361",20171227,29.5,13,2,2,0
"362",20171228,49,26.5,4,5,1
"363",20171229,99,63,6,7,1
"364",20171230,134.5,90.5,7,8,1
"365",20171231,65.5,35.5,5,5,1
"366",20180101,44,21,4,4,0
"367",20180102,43,22,4,4,0
"368",20180103,37,18,3,3,0
"369",20180104,47.5,24,4,4,0
"370",20180105,61,36,5,5,1
"371",20180106,51,30.5,5,5,1
"372",20180107,57,39,5,6,1
"373",20180108,58.5,39,5,6,1
"374",20180109,45.5,19.5,4,3,0
"375",20180110,35,13,3,2,0
"376",20180111,35,23,3,4,0
"377",20180112,26,15,2,2,0
"378",20180113,54,38,5,6,1
"379",20180114,70,52,5,7,1
"380",20180115,70,47,5,6,1
"381",20180116,116,81,7,8,1
"382",20180117,114,86,7,8,1
"383",20180118,92,59,6,7,1
"384",20180119,62,27,5,5,1
"385",20180120,103,62,7,7,1
"386",20180121,66,34,5,5,1
"387",20180122,50,24,4,4,0
"388",20180123,25,11,2,2,0
"389",20180124,32,10,3,2,0
"390",20180125,25,12,2,2,0
"391",20180126,34,18,3,3,0
"392",20180127,47,26,4,5,1
"393",20180128,34,19,3,3,0
"394",20180129,47,16,4,3,0
"395",20180130,44,21,4,4,0
"396",20180131,42,20,4,3,0
"397",20180201,41,22,4,4,0
"398",20180202,57,33,5,5,1
"399",20180203,39,20,3,3,0
"400",20180204,34,21,3,4,0
"401",20180205,28,14,2,2,0
"402",20180206,32,19,3,3,0
"403",20180207,42,25,4,4,0
"404",20180208,53,35,5,5,1
"405",20180209,71,49,5,6,1
"406",20180210,79,44,6,6,1
"407",20180211,52,14,5,2,1
"408",20180212,49,14,4,2,0
"409",20180213,52,16,5,3,1
"410",20180214,69,30,5,5,1
"411",20180215,41,15,4,2,0
"412",20180216,46,19,4,3,0
"413",20180218,38,17,3,3,0
"414",20180219,62,39,5,6,1
"415",20180220,67,41,5,6,1
"416",20180221,38,19,3,3,0
"417",20180222,48,28,4,5,1
"418",20180223,92,64,6,7,1
"419",20180224,81,53,6,7,1
"420",20180225,47,31,4,5,1
"421",20180226,64,43,5,6,1
"422",20180227,100.5,64,6,7,1
"423",20180228,71.5,45,5,6,1
"424",20180301,44,31,4,5,1
"425",20180302,71,27.5,5,5,1
"426",20180303,60,28.5,5,5,1
"427",20180304,32,22,3,4,0
"428",20180305,10,6,1,1,0
"429",20180306,33,18,3,3,0
"430",20180307,30,16,2,3,0
"431",20180308,33,26,3,5,1
"432",20180309,54,36,5,5,1
"433",20180310,48.5,33,4,5,1
"434",20180311,62,41,5,6,1
"435",20180312,102.5,63,7,7,1
"436",20180313,70,40,5,6,1
"437",20180314,27,13,2,2,0
"438",20180315,24,16,2,3,0
"439",20180316,15,6,1,1,0
"440",20180317,33,20,3,3,0
"441",20180318,62,48,5,6,1
"442",20180319,32,23,3,4,0
"443",20180320,21,8,2,1,0
"444",20180409,41,27,4,5,1
"445",20180410,50,20,4,3,0
"446",20180411,68,25,5,4,1
"447",20180412,50,16,4,3,0
"448",20180413,38,15,3,2,0
"449",20180414,22,12,2,2,0
"450",20180415,80,23,6,4,1
"451",20180416,41,23,4,4,0
"452",20180417,64,31,5,5,1
"453",20180418,75,34,5,5,1
"454",20180419,82,40,6,6,1
"455",20180421,77,43,6,6,1
"456",20180422,40,21,3,4,0
"457",20180423,10,7,1,1,0
"458",20180424,10,5,1,1,0
"459",20180425,38.5,25,3,4,0
"460",20180426,49,32,4,5,1
"461",20180427,59,40,5,6,1
"462",20180428,63,41,5,6,1
"463",20180429,57,33,5,5,1
"464",20180430,83,61,6,7,1
"465",20180501,62,47,5,6,1
"466",20180502,45,37,4,5,1
"467",20180503,32,14,3,2,0
"468",20180504,47,16,4,3,0
"469",20180505,43,19,4,3,0
"470",20180506,15,10,1,2,0
"471",20180507,39,19,3,3,0
"472",20180508,21,7,2,1,0
"473",20180509,25,9,2,2,0
"474",20180510,44,22,4,4,0
"475",20180511,64,41,5,6,1
"476",20180512,31,21,3,4,0
"477",20180513,23,16,2,3,0
"478",20180514,73,55,5,7,1
"479",20180515,78,55,6,7,1
"480",20180516,34,24,3,4,0
"481",20180517,14,10,1,2,0
"482",20180520,12,5,1,1,0
"483",20180521,10,5,1,1,0
"484",20180527,69,28,5,5,1
"485",20180528,53,25,5,4,1
"486",20180601,47,24,4,4,0
"487",20180602,51,32,5,5,1
"488",20180604,44,27,4,5,1
"489",20180605,41,30,4,5,1
"490",20180622,50,33,4,5,1
"491",20180626,62,47,5,6,1
"492",20180630,52,38,5,6,1
"493",20180701,12,7,1,1,0
"494",20180702,11,6,1,1,0
"495",20180703,12,7,1,1,0
"496",20180706,8,3,1,1,0
"497",20180707,9,4,1,1,0
"498",20180708,12,6,1,1,0
"499",20180709,11,5,1,1,0
"500",20180710,23,12,2,2,0
"501",20180711,33.5,19,3,3,0
"502",20180712,28,16,2,3,0
"503",20180713,22.5,13,2,2,0
"504",20180714,22,13,2,2,0
"505",20180715,23,16,2,3,0
"506",20180716,27,18,2,3,0
"507",20180717,30,22,2,4,0
"508",20180718,36,26,3,5,1
"509",20180719,32,22,3,4,0
"510",20180720,37,25,3,4,0
"511",20180721,40,27,3,5,1
"512",20180722,31,20,3,3,0
"513",20180723,33,20,3,3,0
"514",20180724,43,28,4,5,1
"515",20180725,33,21,3,4,0
"516",20180726,42.5,27,4,5,1
"517",20180727,48,32.5,4,5,1
"518",20180728,40,26,3,5,1
"519",20180729,20,13,2,2,0
"520",20180730,12,6,1,1,0
"521",20180731,19,10,2,2,0
"522",20180801,33.5,20,3,3,0
"523",20180802,33,20,3,3,0
"524",20180803,46,32,4,5,1
"525",20180804,28,18,2,3,0
"526",20180805,27,16.5,2,3,0
"527",20180806,32,20,3,3,0
"528",20180807,21,12,2,2,0
"529",20180808,28,17,2,3,0
"530",20180809,25,17,2,3,0
"531",20180810,17,10,2,2,0
"532",20180811,11,6,1,1,0
"533",20180812,16,10,2,2,0
"534",20180813,33,22,3,4,0
"535",20180814,29,18,2,3,0
"536",20180815,30,20,2,3,0
"537",20180816,18,8,2,1,0
"538",20180817,14,6,1,1,0
"539",20180818,17,7,2,1,0
"540",20180819,25,12,2,2,0
"541",20180820,37,22,3,4,0
"542",20180821,23,13,2,2,0
"543",20180822,26,14,2,2,0
"544",20180823,14,6,1,1,0
"545",20180824,10,4,1,1,0
"546",20180825,25,12,2,2,0
"547",20180826,19,10,2,2,0
"548",20180827,11,5,1,1,0
"549",20180828,12,6,1,1,0
"550",20180829,15,7,1,1,0
"551",20180830,28,18,2,3,0
"552",20180831,26,14,2,2,0
"553",20180901,20,9,2,2,0
"554",20180902,14,6,1,1,0
"555",20180903,16,8,2,1,0
"556",20180904,19,8,2,1,0
"557",20180905,29,10,2,2,0
"558",20180906,37,18,3,3,0
"559",20180907,27,13,2,2,0
"560",20180908,26,11,2,2,0
"561",20180909,23,10.5,2,2,0
"562",20180910,13,5,1,1,0
"563",20180911,14.5,6,1,1,0
"564",20180912,17,7,2,1,0
"565",20180913,19,9,2,2,0
"566",20180914,20,10,2,2,0
"567",20180915,14,7,1,1,0
"568",20180916,38,24.5,3,4,0
"569",20180917,30,15,2,2,0
"570",20180918,39.5,17,3,3,0
"571",20180919,42.5,20.5,4,3,0
"572",20180920,16,9,2,2,0
"573",20180921,9.5,4,1,1,0
"574",20180922,31.5,11,3,2,0
"575",20180923,30.5,10,2,2,0
"576",20180924,15,6,1,1,0
"577",20180925,14.5,7,1,1,0
"578",20180926,8,5,1,1,0
"579",20180927,9,5,1,1,0
"580",20180928,14,7,1,1,0
"581",20180929,17,8,2,1,0
"582",20180930,22,11,2,2,0
"583",20181001,17.5,8,2,1,0
"584",20181002,27,13,2,2,0
"585",20181003,27,15,2,2,0
"586",20181004,23,13,2,2,0
"587",20181005,11,6,1,1,0
"588",20181006,7,3,1,1,0
"589",20181007,28,11,2,2,0
"590",20181008,24,8,2,1,0
"591",20181009,26,11,2,2,0
"592",20181010,19,10,2,2,0
"593",20181011,18,8,2,1,0
"594",20181012,25,13,2,2,0
"595",20181013,33,19,3,3,0
"596",20181014,34,21,3,4,0
"597",20181015,62,36,5,5,1
"598",20181016,54,28,5,5,1
"599",20181017,36,17,3,3,0
"600",20181018,17,8,2,1,0
"601",20181019,20,9.5,2,2,0
"602",20181020,41,20,4,3,0
"603",20181021,39,23,3,4,0
"604",20181022,50,33,4,5,1
"605",20181023,53,32,5,5,1
"606",20181024,42,18,4,3,0
"607",20181025,40,20,3,3,0
"608",20181026,35.5,20,3,3,0
"609",20181027,27,6,2,1,0
"610",20181028,15,8,1,1,0
"611",20181029,18,8,2,1,0
"612",20181030,22,11,2,2,0
"613",20181031,22,12,2,2,0
"614",20181101,35,20,3,3,0
"615",20181102,43,25,4,4,0
"616",20181103,54,35,5,5,1
"617",20181104,46.5,31,4,5,1
"618",20181105,60,39,5,6,1
"619",20181106,103,70,7,7,1
"620",20181107,65,46,5,6,1
"621",20181108,10,6,1,1,0
"622",20181109,40,24,3,4,0
"623",20181110,70,45,5,6,1
"624",20181111,68,43,5,6,1
"625",20181112,32.5,17,3,3,0
"626",20181113,42,25,4,4,0
"627",20181114,36.5,22.5,3,4,0
"628",20181115,49.5,33.5,4,5,1
"629",20181116,57.5,40,5,6,1
"630",20181117,32.5,19,3,3,0
"631",20181118,37,22,3,4,0
"632",20181119,56,33,5,5,1
"633",20181120,46,18.5,4,3,0
"634",20181121,33.5,17,3,3,0
"635",20181122,22,10,2,2,0
"636",20181123,23,12,2,2,0
"637",20181124,23,14,2,2,0
"638",20181125,46,34,4,5,1
"639",20181126,63,43,5,6,1
"640",20181127,116,52,7,7,1
"641",20181128,124,23,7,4,1
"642",20181129,78,21,6,4,1
"643",20181130,64,22,5,4,1
"644",20181201,45,22,4,4,0
"645",20181202,48,23,4,4,0
"646",20181203,43,22,4,4,0
"647",20181204,35,16,3,3,0
"648",20181205,28,12,2,2,0
"649",20181206,38,17,3,3,0
"650",20181207,22,9,2,2,0
"651",20181208,24,9,2,2,0
"652",20181209,22,11,2,2,0
"653",20181210,35,19,3,3,0
"654",20181211,43,23,4,4,0
"655",20181212,46,23,4,4,0
"656",20181213,39,24,3,4,0
"657",20181214,33,18,3,3,0
"658",20181215,56,37.5,5,5,1
"659",20181216,53,40.5,5,6,1
"660",20181217,74,48,5,6,1
"661",20181218,46,26,4,5,1
"662",20181219,53,30,5,5,1
"663",20181220,59,37,5,5,1
"664",20181221,74,47.5,5,6,1
"665",20181222,86,63,6,7,1
"666",20181223,53,29,5,5,1
"667",20181224,23,12,2,2,0
"668",20181225,34,21,3,4,0
"669",20181226,51,25.5,5,4,1
"670",20181227,26,8,2,1,0
"671",20181228,36,13,3,2,0
"672",20181229,38.5,9,3,2,0
"673",20181230,32.5,17,3,3,0
"674",20181231,46.5,29.5,4,5,1
"675",20191205,26,14,2,2,0
"676",20191204,29,15,2,2,0
"677",20191203,29,16,2,3,0
"678",20191202,23,13,2,2,0
"679",20191201,41,28,4,5,1
"680",20191130,46,28,4,5,1
"681",20191129,45,23,4,4,0
"682",20191128,37.5,20,3,3,0
"683",20191127,39,21,3,4,0
"684",20191126,26,15,2,2,0
"685",20191125,26,14,2,2,0
"686",20191124,31,19,3,3,0
"687",20191123,34.5,18,3,3,0
"688",20191122,45,21,4,4,0
"689",20191121,37,18,3,3,0
"690",20191120,22,10,2,2,0
"691",20191119,30,9,2,2,0
"692",20191118,77,13,6,2,1
"693",20191117,27.5,15,2,2,0
"694",20191116,31,20,3,3,0
"695",20191115,23,13,2,2,0
"696",20191114,17,5,2,1,0
"697",20191113,35,25,3,4,0
"698",20191112,38,25.5,3,4,0
"699",20191111,27,18,2,3,0
"700",20191110,41,30,4,5,1
"701",20191109,40,23,3,4,0
"702",20191108,38,18,3,3,0
"703",20191107,45,27,4,5,1
"704",20191106,48,36,4,5,1
"705",20191105,33,23,3,4,0
"706",20191104,14,8,1,1,0
"707",20191103,52,34,5,5,1
"708",20191102,66,36,5,5,1
"709",20191101,86,34,6,5,1
"710",20191031,66,24,5,4,1
"711",20191030,24,12,2,2,0
"712",20191029,91,17,6,3,1
"713",20191028,32,22,3,4,0
"714",20191027,24,17,2,3,0
"715",20191026,24,16,2,3,0
"716",20191025,23,13,2,2,0
"717",20191024,27,19,2,3,0
"718",20191023,22,16,2,3,0
"719",20191022,36,26,3,5,1
"720",20191021,39,28,3,5,1
"721",20191020,38,27,3,5,1
"722",20191019,19,11,2,2,0
"723",20191018,16,11,2,2,0
"724",20191017,28,19,2,3,0
"725",20191016,26,17,2,3,0
"726",20191015,17,9,2,2,0
"727",20191014,30,15,2,2,0
"728",20191013,19,9,2,2,0
"729",20191012,25,12,2,2,0
"730",20191011,36,20.5,3,3,0
"731",20191010,30.5,14,2,2,0
"732",20191009,25,9,2,2,0
"733",20191008,24,10,2,2,0
"734",20191007,11,7,1,1,0
"735",20191006,12,5,1,1,0
"736",20191005,43,24,4,4,0
"737",20191004,27,16,2,3,0
"738",20191003,8.5,4,1,1,0
"739",20191002,24,17,2,3,0
"740",20191001,48,32,4,5,1
"741",20190930,51.5,33,5,5,1
"742",20190929,38.5,25,3,4,0
"743",20190928,28.5,18,2,3,0
"744",20190927,23,12,2,2,0
"745",20190926,28,16,2,3,0
"746",20190925,31,16.5,3,3,0
"747",20190924,25,12,2,2,0
"748",20190923,14.5,6,1,1,0
"749",20190922,6.5,4,1,1,0
"750",20190921,16,7.5,2,1,0
"751",20190920,24,10,2,2,0
"752",20190919,29,11,2,2,0
"753",20190918,34,13,3,2,0
"754",20190917,20,9,2,2,0
"755",20190916,13.5,6,1,1,0
"756",20190915,16,10,2,2,0
"757",20190914,19,11,2,2,0
"758",20190913,13.5,6,1,1,0
"759",20190912,12,5,1,1,0
"760",20190911,8,5,1,1,0
"761",20190910,14,9,1,2,0
"762",20190909,37,26,3,5,1
"763",20190906,16,8,2,1,0
"764",20190905,11,6,1,1,0
"765",20190904,9,4,1,1,0
"766",20190903,23,14,2,2,0
"767",20190902,27,15,2,2,0
"768",20190901,21,13,2,2,0
"769",20190831,20,10,2,2,0
"770",20190830,20,10,2,2,0
"771",20190829,29,20,2,3,0
"772",20190828,31,20,3,3,0
"773",20190827,27,18,2,3,0
"774",20190826,26,16,2,3,0
"775",20190825,21.5,13,2,2,0
"776",20190824,23,11,2,2,0
"777",20190823,33,19,3,3,0
"778",20190822,39,26,3,5,1
"779",20190821,30.5,22,2,4,0
"780",20190820,30,20,2,3,0
"781",20190819,26,16,2,3,0
"782",20190818,23,14,2,2,0
"783",20190817,33,20.5,3,3,0
"784",20190816,18,9,2,2,0
"785",20190815,9,5,1,1,0
"786",20190814,21,12,2,2,0
"787",20190813,25,15,2,2,0
"788",20190812,18,13,2,2,0
"789",20190811,18,11,2,2,0
"790",20190810,22.5,14,2,2,0
"791",20190809,28,19,2,3,0
"792",20190808,42,30,4,5,1
"793",20190807,20,13,2,2,0
"794",20190806,30,22,2,4,0
"795",20190805,41,30,4,5,1
"796",20190804,29,21,2,4,0
"797",20190803,22,14,2,2,0
"798",20190802,20,12,2,2,0
"799",20190801,14,9,1,2,0
"800",20190731,17,9,2,2,0
"801",20190730,19,11,2,2,0
"802",20190729,15,8,1,1,0
"803",20190728,15,9.5,1,2,0
"804",20190727,19,13,2,2,0
"805",20190726,18,13,2,2,0
"806",20190725,24,17,2,3,0
"807",20190724,23.5,15,2,2,0
"808",20190723,28,17,2,3,0
"809",20190722,43,32,4,5,1
"810",20190721,15,9.5,1,2,0
"811",20190720,9,5,1,1,0
"812",20190719,33,25,3,4,0
"813",20190718,64,53,5,7,1
"814",20190717,60,47,5,6,1
"815",20190716,34,24,3,4,0
"816",20190715,42,31.5,4,5,1
"817",20190714,42,36,4,5,1
"818",20190713,32,25,3,4,0
"819",20190712,14,8,1,1,0
"820",20190711,8,3,1,1,0
"821",20190710,11,6,1,1,0
"822",20190709,11,6,1,1,0
"823",20190708,10,5,1,1,0
"824",20190707,18,12,2,2,0
"825",20190706,30,21,2,4,0
"826",20190705,35,22,3,4,0
"827",20190704,32,21,3,4,0
"828",20190703,33,24,3,4,0
"829",20190702,31,22,3,4,0
"830",20190701,35,25,3,4,0
"831",20190630,32.5,25,3,4,0
"832",20190629,26,19,2,3,0
"833",20190628,43,32,4,5,1
"834",20190627,19.5,14,2,2,0
"835",20190626,35,24,3,4,0
"836",20190625,32,20.5,3,3,0
"837",20190624,23,13,2,2,0
"838",20190623,12,7,1,1,0
"839",20190622,13,6,1,1,0
"840",20190621,27,18,2,3,0
"841",20190620,28.5,19,2,3,0
"842",20190619,34,24.5,3,4,0
"843",20190618,32.5,20.5,3,3,0
"844",20190617,24.5,15,2,2,0
"845",20190616,17,10,2,2,0
"846",20190615,38,20.5,3,3,0
"847",20190614,34,22,3,4,0
"848",20190613,32,19,3,3,0
"849",20190612,33,17,3,3,0
"850",20190611,13,7,1,1,0
"851",20190610,11,5,1,1,0
"852",20190609,37,29,3,5,1
"853",20190608,26,16,2,3,0
"854",20190607,13,8,1,1,0
"855",20190606,60,38,5,6,1
"856",20190605,52,33,5,5,1
"857",20190604,30,19,2,3,0
"858",20190603,40.5,22,3,4,0
"859",20190602,38,23,3,4,0
"860",20190601,34,23.5,3,4,0
"861",20190531,21,11,2,2,0
"862",20190530,47.5,24.5,4,4,0
"863",20190529,49.5,22.5,4,4,0
"864",20190528,23,8,2,1,0
"865",20190527,23,14,2,2,0
"866",20190526,41,23,4,4,0
"867",20190525,86,56,6,7,1
"868",20190524,85,52,6,7,1
"869",20190523,74,42.5,5,6,1
"870",20190522,57.5,27,5,5,1
"871",20190521,52,17,5,3,1
"872",20190520,39,12,3,2,0
"873",20190519,14,10,1,2,0
"874",20190518,32,17,3,3,0
"875",20190517,56.5,38.5,5,6,1
"876",20190516,70.5,43.5,5,6,1
"877",20190515,69,45,5,6,1
"878",20190514,46,31,4,5,1
"879",20190513,58.5,36.5,5,5,1
"880",20190512,59.5,37.5,5,5,1
"881",20190511,69,36,5,5,1
"882",20190510,62.5,33.5,5,5,1
"883",20190509,49.5,23.5,4,4,0
"884",20190508,54,22.5,5,4,1
"885",20190507,50,17,4,3,0
"886",20190506,35,10,3,2,0
"887",20190505,65,41.5,5,6,1
"888",20190504,92.5,57,6,7,1
"889",20190503,61,28,5,5,1
"890",20190502,57.5,15,5,2,1
"891",20190501,61.5,26,5,5,1
"892",20190430,36,21,3,4,0
"893",20190429,24.5,15,2,2,0
"894",20190428,20,13,2,2,0
"895",20190427,19,10,2,2,0
"896",20190426,10.5,6,1,1,0
"897",20190425,42.5,18,4,3,0
"898",20190424,58,37,5,5,1
"899",20190423,95,41,6,6,1
"900",20190422,89.5,36,6,5,1
"901",20190421,31.5,21.5,3,4,0
"902",20190420,45.5,22.5,4,4,0
"903",20190419,43,21.5,4,4,0
"904",20190418,38,20,3,3,0
"905",20190417,42,20,4,3,0
"906",20190416,50,22,4,4,0
"907",20190415,53,16.5,5,3,1
"908",20190414,39,21,3,4,0
"909",20190413,49.5,32,4,5,1
"910",20190412,50,30,4,5,1
"911",20190411,28,16,2,3,0
"912",20190410,8,5,1,1,0
"913",20190409,27.5,11,2,2,0
"914",20190408,38,13,3,2,0
"915",20190407,38,15,3,2,0
"916",20190406,64.5,20,5,3,1
"917",20190405,77,23,6,4,1
"918",20190404,36,19.5,3,3,0
"919",20190403,39.5,22,3,4,0
"920",20190402,32.5,17,3,3,0
"921",20190401,24.5,12,2,2,0
"922",20190331,44,26,4,5,1
"923",20190330,35,23,3,4,0
"924",20190329,40,19,3,3,0
"925",20190328,84,52,6,7,1
"926",20190327,93,58,6,7,1
"927",20190326,56.5,33,5,5,1
"928",20190325,48,28,4,5,1
"929",20190324,28.5,13,2,2,0
"930",20190323,25.5,15,2,2,0
"931",20190322,40,19.5,3,3,0
"932",20190321,32,23.5,3,4,0
"933",20190320,100,72,6,7,1
"934",20190319,63.5,39,5,6,1
"935",20190318,39.5,23,3,4,0
"936",20190315,70.5,40,5,6,1
"937",20190314,41.5,19,4,3,0
"938",20190308,53,28,5,5,1
"939",20190307,59,41.5,5,6,1
"940",20190306,145,104,7,8,1
"941",20190305,188,141.5,8,8,1
"942",20190304,161,115,8,8,1
"943",20190303,101,72.5,7,7,1
"944",20190302,118.5,85.5,7,8,1
"945",20190301,117,83.5,7,8,1
"946",20190228,89.5,59.5,6,7,1
"947",20190227,68.5,45,5,6,1
"948",20190226,53,27,5,5,1
"949",20190225,85.5,64,6,7,1
"950",20190224,59,46,5,6,1
"951",20190223,54,39,5,6,1
"952",20190222,74,57.5,5,7,1
"953",20190221,77,63,6,7,1
"954",20190220,57,48.5,5,6,1
"955",20190219,43,33.5,4,5,1
"956",20190218,41,26,4,5,1
"957",20190217,36,25,3,4,0
"958",20190216,59.5,50,5,6,1
"959",20190215,39,28,3,5,1
"960",20190214,50,25,4,4,0
"961",20190213,40,21,3,4,0
"962",20190212,58,38,5,6,1
"963",20190211,39,22,3,4,0
"964",20190210,42,22,4,4,0
"965",20190209,35,16,3,3,0
"966",20190208,31,16,3,3,0
"967",20190207,62.5,32,5,5,1
"968",20190206,95,34,6,5,1
"969",20190205,83.5,27,6,5,1
"970",20190204,73.5,36,5,5,1
"971",20190203,37,27,3,5,1
"972",20190202,57,33.5,5,5,1
"973",20190201,39,17,3,3,0
"974",20190131,73.5,20.5,5,3,1
"975",20190130,63,32.5,5,5,1
"976",20190129,68.5,22,5,4,1
"977",20190128,86,25,6,4,1
"978",20190127,37,21,3,4,0
"979",20190126,43,19,4,3,0
"980",20190125,48.5,22,4,4,0
"981",20190124,43,21,4,4,0
"982",20190123,75.5,48,5,6,1
"983",20190122,65.5,30,5,5,1
"984",20190121,43,21,4,4,0
"985",20190120,67.5,35,5,5,1
"986",20190119,94,66,6,7,1
"987",20190118,55.5,35,5,5,1
"988",20190117,44.5,22,4,4,0
"989",20190116,47,17,4,3,0
"990",20190115,138,90.5,7,8,1
"991",20190114,159,124.5,8,8,1
"992",20190113,109,79.5,7,8,1
"993",20190112,94,70,6,7,1
"994",20190111,74,54,5,7,1
"995",20190110,57.5,32.5,5,5,1
"996",20190109,50.5,21,4,4,0
"997",20190108,41,19,4,3,0
"998",20190107,55,35,5,5,1
"999",20190106,51,22,5,4,1
"1000",20190105,64,41,5,6,1
"1001",20190104,57.5,39,5,6,1
"1002",20190103,38.5,22,3,4,0
"1003",20190102,33,21,3,4,0
"1004",20190101,38,25,3,4,0
